INSERT INTO account VALUES ('derp12@gmail.com', 'Nils Abraham', 'Never Street 52', 'zxc'); 
INSERT INTO account VALUES ('erik@gmail.com', 'Erik Ljung', 'Nonexsist Street 52', 'asdf'); 
INSERT INTO account VALUES ('ilikeme@gmail.com', 'Anna Marten', 'Pewdi Street 52', 'qwert'); 
INSERT INTO account VALUES ('alfredo@gmail.com', 'John Lidquist', 'Trollol Street 52', 'abc'); 
INSERT INTO account VALUES ('weirdo@gmail.com', 'Erro Olofson', 'Whaddup Street 52', 'weirdo');
INSERT INTO account VALUES ('dish@hotmail.com', 'Brandybuck Cheese', 'Kun Street 42', 'zxcv');
INSERT INTO account VALUES ('vegemite@gmail.com', 'Rinkydink Vegemite', 'LOL Street 20', 'veggie');
INSERT INTO account VALUES ('barn@gmail.com', 'Barnoldswick Crumplehorn', 'LOL Street 21', 'barn');
INSERT INTO account VALUES ('bomb@gmail.com', 'Bombadil Cottagecheese', 'YOLO Street 25', 'bomb');
INSERT INTO account VALUES ('blender@yahoo.com', 'Blenderdick Crackersprout', 'LOL Street 20', 'blend');
INSERT INTO account VALUES ('englishclass@yahoo.com', 'English Class', 'LOL Street 22', '111', 'TRUE');

INSERT INTO item(name, location, condition, description, availability, owner) VALUES ('Water Bottle', 'Singapore', 'Good', '150ml water bottle', 'TRUE', 'derp12@gmail.com');
INSERT INTO item(name, location, condition, description, availability, owner) VALUES ('Table', 'Singapore', 'Good', 'wooden table with 4 legs', 'TRUE', 'derp12@gmail.com');
INSERT INTO item(name, location, condition, description, availability, owner) VALUES ('Cellphone 1', 'Singapore', 'Excellent', 'Apple Iphone 8 128GB', 'TRUE', 'derp12@gmail.com');
INSERT INTO item(name, location, condition, description, availability, owner) VALUES ('Donkey', 'Singapore', 'Excellent', '200kg donkey that can ride dragons',  'TRUE', 'erik@gmail.com');
INSERT INTO item(name, location, condition, description, availability, owner) VALUES ('Mug', 'Singapore', 'Excellent', 'Self-stirring mug', 'TRUE', 'erik@gmail.com');
INSERT INTO item(name, location, description, owner) VALUES ('Water Bottle', 'Singapore', '1.5L water bottle', 'dish@hotmail.com'); /*Example of excluding cols with default values */ 
INSERT INTO item(name, location, description, owner) VALUES ('Soap', 'Singapore', 'Soap from Israel', 'vegemite@gmail.com');
INSERT INTO item(name, location, owner) VALUES ('Moose', 'Singapore', 'vegemite@gmail.com');
INSERT INTO item(name, location, description, owner) VALUES ('HP Envy Laptop', 'Singapore', '2.5kg running Windows 11', 'vegemite@gmail.com');
INSERT INTO item(name, location, description, owner) VALUES ('Lawnmower', 'Singapore', 'grass-cutting machine', 'derp12@gmail.com');
INSERT INTO item(name, location, condition, description, owner) VALUES ('Cellphone 2', 'Singapore', 'Poor', 'Samsung Note 7 with cracked screen', 'derp12@gmail.com');
INSERT INTO item(name, location, condition, owner) VALUES ('Lawnmower', 'Singapore', 'Excellent','ilikeme@gmail.com');
INSERT INTO item(name, location, description, owner) VALUES ('Table', 'Singapore', 'oak wood table', 'ilikeme@gmail.com');
INSERT INTO item(name, location, description, condition, owner) VALUES ('Portable charger', 'Singapore', 'Xiaomi', 'Excellent', 'alfredo@gmail.com');
INSERT INTO item(name, location, owner) VALUES ('Avocado', 'Singapore', 'weirdo@gmail.com');
INSERT INTO item(name, location, condition, owner) VALUES ('Cat', 'Singapore', 'Poor', 'dish@hotmail.com');
INSERT INTO item(name, location, owner) VALUES ('Society', 'Singapore', 'vegemite@gmail.com');
INSERT INTO item(name, location, owner) VALUES ('Basketball', 'Singapore', 'vegemite@gmail.com');
INSERT INTO item(name, location, owner) VALUES ('Cellphone', 'Singapore', 'vegemite@gmail.com');
INSERT INTO item(name, location, owner) VALUES ('Cellphone', 'Singapore', 'barn@gmail.com');
INSERT INTO item(name, location, owner) VALUES ('Soccer ball', 'Singapore', 'barn@gmail.com');
INSERT INTO item(name, location, owner) VALUES ('Cellphone', 'Singapore', 'bomb@gmail.com');
INSERT INTO item(name, location, owner) VALUES ('Ladder', 'Singapore', 'bomb@gmail.com');
INSERT INTO item(name, location, owner) VALUES ('Hammer', 'Singapore', 'bomb@gmail.com');
INSERT INTO item(name, location, owner) VALUES ('Football', 'Singapore', 'bomb@gmail.com');
INSERT INTO item(name, location, owner) VALUES ('Cellphone', 'Singapore', 'blender@yahoo.com');
INSERT INTO item(name, location, owner) VALUES ('Cellphone 2', 'Singapore', 'blender@yahoo.com');

INSERT INTO bid(rate, StartDate, EndDate, item_id, bidder_email) VALUES(50, '2016-11-29', '2016-12-10', 3, 'erik@gmail.com');
INSERT INTO bid(rate, StartDate, EndDate, item_id, bidder_email) VALUES(55, '2016-11-28', '2016-12-20', 2, 'alfredo@gmail.com');
INSERT INTO bid(rate, StartDate, EndDate, item_id, bidder_email) VALUES(25, '2016-11-30', '2016-12-05', 1, 'alfredo@gmail.com');
INSERT INTO bid(rate, StartDate, EndDate, item_id, bidder_email) VALUES(30, '2016-12-02', '2016-12-08', 1, 'barn@gmail.com');
INSERT INTO bid(rate, StartDate, EndDate, item_id, bidder_email) VALUES(70, '2016-12-02', '2016-12-08', 1, 'dish@hotmail.com');
INSERT INTO bid(rate, StartDate, EndDate, item_id, bidder_email) VALUES(700,'2016-12-02', '2016-12-08', 3, 'ilikeme@gmail.com');
INSERT INTO bid(rate, StartDate, EndDate, item_id, bidder_email) VALUES(500,'2016-12-02', '2016-12-08', 7, 'ilikeme@gmail.com');
INSERT INTO bid(rate, StartDate, EndDate, item_id, bidder_email) VALUES(25, '2016-12-02', '2016-12-08', 4, 'derp12@gmail.com');
INSERT INTO bid(rate, StartDate, EndDate, item_id, bidder_email) VALUES(23, '2016-12-02', '2016-12-08', 5, 'derp12@gmail.com');
INSERT INTO bid(rate, StartDate, EndDate, item_id, bidder_email) VALUES(23, '2016-12-02', '2016-12-08', 5, 'derp12@gmail.com');
